<commands>
	<multicommand name="cert"
		description="Certificate commands">
		<command classname="org.openas2.app.cert.ImportCertCommand"/>
		<command classname="org.openas2.app.cert.ImportCertInEncodedStreamCommand"/>
		<command classname="org.openas2.app.cert.ListCertCommand"/>
		<command classname="org.openas2.app.cert.DeleteCertCommand"/>
		<command classname="org.openas2.app.cert.ClearCertsCommand"/>
		<command classname="org.openas2.app.cert.ViewCertCommand"/>
	</multicommand>
	<multicommand name="partner"
		description="Partner commands">
		<command classname="org.openas2.app.partner.ListPartnersCommand"/>
		<command classname="org.openas2.app.partner.AddPartnerCommand"/>
		<command classname="org.openas2.app.partner.DeletePartnerCommand"/>
		<command classname="org.openas2.app.partner.ViewPartnerCommand"/>
	</multicommand>
	<multicommand name="partnership"
		description="Partnership commands">
		<command classname="org.openas2.app.partner.RefreshPartnershipsCommand"/>
		<command classname="org.openas2.app.partner.ListPartnershipsCommand"/>
		<command classname="org.openas2.app.partner.AddPartnershipCommand"/>
		<command classname="org.openas2.app.partner.DeletePartnershipCommand"/>
		<command classname="org.openas2.app.partner.StorePartnershipsCommand"/>
		<command classname="org.openas2.app.partner.ViewPartnershipCommand"/>
	</multicommand>

</commands>